customer_id,revenue
1663,17680.69
1955,16265.15
1675,15036.460000000001
1276,15023.710000000001
1647,14894.970000000001
1804,14330.98
1193,14151.65
1836,14110.78
1957,13956.95
1735,13146.25
